id,name,occupation
0,Natasha Kaplinsky,Television presenter
1,Lesley Garrett,Singer
2,Chris Parker,Actor
3,Jason Wood,Comedian
4,Verona Joseph,Actress
5,Claire Sweeney,Actress
6,David Dickinson,Television presenter
7,Martin Offiah,Rugby player
8,Julian Clary,Comedian
9,Carol Vorderman,Television presenter
10,Diarmuid Gavin,Garden designer
11,Esther Rantzen,Television presenter
12,Quentin Willson,Television presenter
13,Sarah Manners,Actress
14,Roger Black,Athlete
15,Denise Lewis,Athlete
16,Aled Jones,Singer
17,Jill Halfpenny,Actress
18,Darren Gough,Cricketer
19,Patsy Palmer,Actress
20,Colin Jackson,Athlete
21,Siobhan Hayes,Actress
22,James Martin,Chef
23,Gloria Hunniford,Television presenter
24,Will Thorp,Actor
25,Jaye Jacobs,Actress
26,Bill Turnbull,News presenter
27,Fiona Phillips,Television presenter
28,Dennis Taylor,Snooker player
29,Zoë Ball,Television presenter
30,Matt Dawson,Rugby player
31,Nicholas Owen,Television presenter
32,Ray Fearon,Actor
33,Peter Schmeichel,Footballer
34,DJ Spoony,DJ
35,Jimmy Tarbuck,Comedian
36,Mark Ramprakash,Cricketer
37,Carol Smilie,Television presenter
38,Mica Paris,Singer
39,Louisa Lytton,Actress
40,Georgina Bouzova,Actress
41,Jan Ravens,Actress
42,Claire King,Actress
43,Emma Bunton,Singer
44,Matt Di Angelo,Actor
45,Brian Capron,Actor
46,Dominic Littlewood,Television presenter
47,Willie Thorne,Snooker player
48,Gethin Jones,Television presenter
49,Kenny Logan,Rugby player
50,John Barnes,Footballer
51,Stephane Beacham,Actress
52,Letitia Dean,Actress
53,Kate Garraway,Television presenter
54,Alesha Dixon,Singer
55,Penny Lancaster Stewart,Model
56,Kelly Brook,Model
57,Gabby Logan,Television presenter
58,Tom Chambers,Actor
59,Phil Daniels,Actor
60,Don Warrington,Actor
61,Austin Healey,Rugby player
62,Mark Foster,Swimmer
63,Gary Rhodes,Chef
64,John Sergeant,Television presenter
65,Andrew Castle,Television presenter
66,Jessie Wallace,Actress
67,Christine Bleakley,Television presenter
68,Lisa Snowdon,Television presenter
69,Jodie Kidd,Model
70,Heather Small,Singer
71,Gillian Taylforth,Actress
72,Rachel Stevens,Singer
73,Cherie Lunghi,Actress
74,Rav Wilding,Television presenter
75,Jade Johnson,Athlete
76,Ricky Groves,Actor
77,Ali Bastian,Actress
78,Chris Hollins,Television presenter
79,Lynda Bellingham,Actress
80,Martina Hingis,Tennis player
81,Joe Calzaghe,Boxer
82,Natalie Cassidy,Actress
83,Phil Tufnell,Cricketer
84,Zöe Lucker,Actress
85,Craig Kelly,Actor
86,Laila Rouass,Actress
87,Richard Dunwoody,Jockey
88,Jo Wood,Model
89,Ricky Whittle,Actor
90,Felicity Kendal,Actor
91,Scott Maslen,Actor
92,Goldie,DJ
93,Patsy Kensit,Actress
94,Matt Baker,Television presenter
95,Pamela Stephenson,Clinical psychologist
96,Paul Daniels,Magician
97,Jimi Mistry,Actor
98,Peter Shilton,Footballer
99,Michelle Williams,Singer
100,Gavin Henson,Rugby player
101,Tina O'Brien,Actress
102,Ann Widdecombe,Politician
103,Kara Tointon,Actress
104,Holly Valance,Singer
105,Dan Lobb,Tennis player
106,Lulu,Singer
107,Audley Harrison,Boxer
108,Robbie Savage,Footballer
109,Anita Dobson,Actress
110,Russell Grant,Astrologer
111,Harry Judd,Musician
112,Rory Bremner,Comedian
113,Alex Jones,Television presenter
114,Chelsee Healey,Actress
115,Edwina Currie,Politician
116,Nancy Dell'Olio,Lawyer
117,Jason Donovan,Singer
118,Fern Britton,Television presenter
119,Nicky Byrne,Singer
120,Michael Vaughan,Cricketer
121,Victoria Pendleton,Cyclist
122,Colin Salmon,Actor
123,Denise van Outen,Television presenter
124,Kimberley Walsh,Singer
125,Sid Owen,Actor
126,Johnny Ball,Television presenter
127,Dani Harmer,Actress
128,Lisa Riley,Television presenter
129,Richard Arnold,Television presenter
130,Jerry Hall,Model
131,Louis Smith,Gymnast
132,Ashley Taylor Dawson,Actor
133,Tony Jacklin,Golfer
134,Mark Benton,Actor
135,Susanna Reid,Journalist
136,Sophie Ellis-Bextor,Singer
137,Natalie Gumede,Actress
138,Ben Cohen,Rugby player
139,Fiona Fullerton,Actress
140,Dave Myers,Television presenter
141,Rachel Riley,Television presenter
142,Julien Macdonald,Fashion designer
143,Deborah Meaden,Businessperson
144,Patrick Robinson,Actor
145,Vanessa Feltz,Television presenter
146,Abbey Clancy,Model
147,Caroline Flack,Television presenter
148,Tim Wonnacott,Television presenter
149,Jake Wood,Actor
150,Judy Murray,Tennis coach
151,Scott Mills,DJ
152,Pixie Lott,Singer
153,Mark Wright,Television presenter
154,Alison Hammond,Television presenter
155,Steve Backshall,Television presenter
156,Jennifer Gibney,Actress
157,Thom Evans,Rugby player
158,Sunetra Sarker,Actress
159,Gregg Wallace,Television presenter
160,Frankie Bridge,Singer
161,Simon Webbe,Singer
162,Kellie Bright,Actress
163,Anthony Ogogo,Boxer
164,Helen George,Actress
165,Carol Kirkwood,Television presenter
166,Daniel O'Donnell,Singer
167,Anita Rani,Television presenter
168,Jay McGuiness,Singer
169,Kirsty Gallacher,Television presenter
170,Jeremy Vine,Television presenter
171,Georgia May Foote,Actress
172,Ainsley Harriott,Chef
173,Katie Derham,News presenter
174,Iwan Thomas,Athlete
175,Jamelia,Singer
176,Peter Andre,Singer
177,Laura Whitmore,Television presenter
178,Naga Munchetty,News presenter
179,Judge Rinder,Barrister
180,Lesley Joseph,Actress
181,Ore Oduba,Television presenter
182,Greg Rutherford,Athlete
183,Louise Redknapp,Singer
184,Melvin Odoom,Television presenter
185,Daisy Lowe,Model
186,Danny Mac,Actor
187,Tameka Empson,Actress
188,Anastacia,Singer
189,Ed Balls,Politician
190,Claudia Fragapane,Gymnast
191,Will Young,Singer